"Kategoria","Tag"
"Kontakt z bliskimi przez Internet","kontakt_z_bliskimi"
"Kontakt z bliskimi przez Internet","rozmowy_wideo"
"Kontakt z bliskimi przez Internet","przesylanie_zdjec"
"Kontakt z bliskimi przez Internet","komunikatory_online"
"Media społecznościowe","media_spolecznosciowe"
"Media społecznościowe","facebook"
"Media społecznościowe","instagram"
"Media społecznościowe","youtube"
"Media społecznościowe","tiktok"
"Rozpoznawanie oszustw","rozpoznawanie_oszustw"
"Rozpoznawanie oszustw","phishing"
"Rozpoznawanie oszustw","ochrona_prywatnosci"
"Rozpoznawanie oszustw","bezpieczenstwo_online"
"Zakupy i oszczędzanie","zakupy_online"
"Zakupy i oszczędzanie","porownywanie_cen"
"Zakupy i oszczędzanie","platnosci_online"
"Zakupy i oszczędzanie","wyszukiwanie_promocji"
"Twoje zdrowie","zdrowie_online"
"Twoje zdrowie","konsultacje_online"
"Twoje zdrowie","przypomnienia_leki"
"Twoje zdrowie","e_pacjent"
"Twoje zdrowie","rejestracja_lekarz"
"Hobby","hobby_online"
"Hobby","gotowanie_online"
"Hobby","gry_online"
"Hobby","audiobooki"
"Hobby","podcasty"
"Hobby","streaming_muzyki"
"Hobby","pobieranie_muzyki"
"Hobby","playlisty"
"Hobby","koncerty_online"
"Hobby","karaoke"
"Hobby","recenzje_muzyczne"
"Hobby","sluchanie_radia"
"Hobby","aplikacje_muzyczne"
"Podróże","podroze_online"
"Podróże","rezerwacje_noclegow"
"Podróże","kupno_biletow"
"Podróże","wirtualne_spacery"
"Kultura","kultura_online"
"Kultura","spektakle_online"
"Kultura","koncerty_online"
"Kultura","wystawy_online"
"Zabawa i gry","gry_online"
"Zabawa i gry","quizy"
"Zabawa i gry","lamiglowki"
"Zabawa i gry","krzyzowki"
"Nauka i rozwój","kursy_online"
"Nauka i rozwód","webinary"
"Nauka i rozwód","platformy_edukacyjne"
"Sztuczna inteligencja","sztuczna_inteligencja"
"Sztuczna inteligencja","ai_pomoc"
"Sztuczna inteligencja","ai_tlumaczenia"
"Nowinki technologiczne","nowinki_technologiczne"
"Nowinki technologiczne","proste_technologie"
"Sprawy urzędowe i obywatelskie","sprawy_urzedowe"
"Sprawy urzędowe i obywatelskie","aktywnosc_obywatelska"
"Sprawy urzędowe i obywatelskie","mObywatel"
"Sprawy urzędowe i obywatelskie","profil_zaufany"
"Sprawy urzędowe i obywatelskie","zus_online"
"Sprawy urzędowe i obywatelskie","epuap"
"Sprawy urzędowe i obywatelskie","e_uslugi"
"Sprawy urzędowe i obywatelskie","logowanie_e_uslugi"
"Sprawy urzędowe i obywatelskie","zalatwianie_spraw_online"
"Sprawy urzędowe i obywatelskie","dokumenty_cyfrowe"
"Inne","inne"